{
    "$schema": "http://schema.management.azure.com/schemas/2015-01-01/deploymentTemplate.json#",
    "contentVersion": "1.0.0.0",
    "parameters": {
        "factoryName": {
            "type": "string",
            "metadata": "Data Factory name",
            "defaultValue": "adfbrazilecommerce"
        },
        "ls_config_read_files_json_accountKey": {
            "type": "secureString",
            "metadata": "Secure string for 'accountKey' of 'ls_config_read_files_json'"
        },
        "ls_brinze_to_silver_accessToken": {
            "type": "secureString",
            "metadata": "Secure string for 'accessToken' of 'ls_brinze_to_silver'"
        },
        "ls_synapse_connection_password": {
            "type": "secureString",
            "metadata": "Secure string for 'password' of 'ls_synapse_connection'"
        },
        "ls_config_read_files_json_properties_typeProperties_url": {
            "type": "string",
            "defaultValue": "https://sabrazilecommerce.dfs.core.windows.net/"
        },
        "ls_HTTP_For_GITHUB_properties_typeProperties_url": {
            "type": "string",
            "defaultValue": "https://raw.githubusercontent.com"
        },
        "ls_brinze_to_silver_properties_typeProperties_existingClusterId": {
            "type": "string",
            "defaultValue": "0716-164444-xy9sjn08"
        },
        "ls_synapse_connection_properties_typeProperties_server": {
            "type": "string",
            "defaultValue": "syn-brazilecommerce.sql.azuresynapse.net"
        },
        "ls_synapse_connection_properties_typeProperties_database": {
            "type": "string",
            "defaultValue": "BrazilEcom"
        },
        "ls_synapse_connection_properties_typeProperties_userName": {
            "type": "string",
            "defaultValue": "sqladminuser"
        }
    },
    "variables": {
        "factoryId": "[concat('Microsoft.DataFactory/factories/', parameters('factoryName'))]"
    },
    "resources": [
        {
            "name": "[concat(parameters('factoryName'), '/ls_config_read_files_json')]",
            "type": "Microsoft.DataFactory/factories/linkedServices",
            "apiVersion": "2018-06-01",
            "properties": {
                "annotations": [],
                "type": "AzureBlobFS",
                "typeProperties": {
                    "url": "[parameters('ls_config_read_files_json_properties_typeProperties_url')]",
                    "accountKey": {
                        "type": "SecureString",
                        "value": "[parameters('ls_config_read_files_json_accountKey')]"
                    }
                }
            },
            "dependsOn": []
        },
        {
            "name": "[concat(parameters('factoryName'), '/ls_HTTP_For_GITHUB')]",
            "type": "Microsoft.DataFactory/factories/linkedServices",
            "apiVersion": "2018-06-01",
            "properties": {
                "annotations": [],
                "type": "HttpServer",
                "typeProperties": {
                    "url": "[parameters('ls_HTTP_For_GITHUB_properties_typeProperties_url')]",
                    "enableServerCertificateValidation": true,
                    "authenticationType": "Anonymous"
                }
            },
            "dependsOn": []
        },
        {
            "name": "[concat(parameters('factoryName'), '/ls_brinze_to_silver')]",
            "type": "Microsoft.DataFactory/factories/linkedServices",
            "apiVersion": "2018-06-01",
            "properties": {
                "annotations": [],
                "type": "AzureDatabricks",
                "typeProperties": {
                    "domain": "https://adb-250933976881105.5.azuredatabricks.net",
                    "accessToken": {
                        "type": "SecureString",
                        "value": "[parameters('ls_brinze_to_silver_accessToken')]"
                    },
                    "existingClusterId": "[parameters('ls_brinze_to_silver_properties_typeProperties_existingClusterId')]"
                }
            },
            "dependsOn": []
        },
        {
            "name": "[concat(parameters('factoryName'), '/ls_synapse_connection')]",
            "type": "Microsoft.DataFactory/factories/linkedServices",
            "apiVersion": "2018-06-01",
            "properties": {
                "annotations": [],
                "type": "AzureSqlDW",
                "typeProperties": {
                    "server": "[parameters('ls_synapse_connection_properties_typeProperties_server')]",
                    "database": "[parameters('ls_synapse_connection_properties_typeProperties_database')]",
                    "encrypt": "mandatory",
                    "trustServerCertificate": false,
                    "authenticationType": "SQL",
                    "userName": "[parameters('ls_synapse_connection_properties_typeProperties_userName')]",
                    "password": {
                        "type": "SecureString",
                        "value": "[parameters('ls_synapse_connection_password')]"
                    }
                }
            },
            "dependsOn": []
        },
        {
            "name": "[concat(parameters('factoryName'), '/ds_dynamic_sink')]",
            "type": "Microsoft.DataFactory/factories/datasets",
            "apiVersion": "2018-06-01",
            "properties": {
                "linkedServiceName": {
                    "referenceName": "ls_config_read_files_json",
                    "type": "LinkedServiceReference"
                },
                "parameters": {
                    "p_sink_folder": {
                        "type": "string"
                    },
                    "p_sink_file": {
                        "type": "string"
                    }
                },
                "annotations": [],
                "type": "DelimitedText",
                "typeProperties": {
                    "location": {
                        "type": "AzureBlobFSLocation",
                        "fileName": {
                            "value": "@dataset().p_sink_file",
                            "type": "Expression"
                        },
                        "folderPath": {
                            "value": "@dataset().p_sink_folder",
                            "type": "Expression"
                        },
                        "fileSystem": "bronze"
                    },
                    "columnDelimiter": ",",
                    "escapeChar": "\\",
                    "firstRowAsHeader": true,
                    "quoteChar": "\""
                },
                "schema": []
            },
            "dependsOn": [
                "[concat(variables('factoryId'), '/linkedServices/ls_config_read_files_json')]"
            ]
        },
        {
            "name": "[concat(parameters('factoryName'), '/ds_config_read_files_json')]",
            "type": "Microsoft.DataFactory/factories/datasets",
            "apiVersion": "2018-06-01",
            "properties": {
                "linkedServiceName": {
                    "referenceName": "ls_config_read_files_json",
                    "type": "LinkedServiceReference"
                },
                "annotations": [],
                "type": "Json",
                "typeProperties": {
                    "location": {
                        "type": "AzureBlobFSLocation",
                        "fileName": "Files.json",
                        "fileSystem": "configfile"
                    }
                },
                "schema": {
                    "type": "object",
                    "properties": {
                        "p_rel_url": {
                            "type": "string"
                        },
                        "p_sink_folder": {
                            "type": "string"
                        },
                        "p_sink_file": {
                            "type": "string"
                        }
                    }
                }
            },
            "dependsOn": [
                "[concat(variables('factoryId'), '/linkedServices/ls_config_read_files_json')]"
            ]
        },
        {
            "name": "[concat(parameters('factoryName'), '/ds_dynamic_source')]",
            "type": "Microsoft.DataFactory/factories/datasets",
            "apiVersion": "2018-06-01",
            "properties": {
                "linkedServiceName": {
                    "referenceName": "ls_HTTP_For_GITHUB",
                    "type": "LinkedServiceReference"
                },
                "parameters": {
                    "p_rel_url": {
                        "type": "string"
                    }
                },
                "annotations": [],
                "type": "DelimitedText",
                "typeProperties": {
                    "location": {
                        "type": "HttpServerLocation",
                        "relativeUrl": {
                            "value": "@dataset().p_rel_url",
                            "type": "Expression"
                        }
                    },
                    "columnDelimiter": ",",
                    "escapeChar": "\\",
                    "firstRowAsHeader": true,
                    "quoteChar": "\""
                },
                "schema": []
            },
            "dependsOn": [
                "[concat(variables('factoryId'), '/linkedServices/ls_HTTP_For_GITHUB')]"
            ]
        },
        {
            "name": "[concat(parameters('factoryName'), '/Data_Ingest')]",
            "type": "Microsoft.DataFactory/factories/pipelines",
            "apiVersion": "2018-06-01",
            "properties": {
                "activities": [
                    {
                        "name": "Lookup All files",
                        "type": "Lookup",
                        "dependsOn": [],
                        "policy": {
                            "timeout": "0.12:00:00",
                            "retry": 0,
                            "retryIntervalInSeconds": 30,
                            "secureOutput": false,
                            "secureInput": false
                        },
                        "userProperties": [],
                        "typeProperties": {
                            "source": {
                                "type": "JsonSource",
                                "storeSettings": {
                                    "type": "AzureBlobFSReadSettings",
                                    "recursive": true,
                                    "enablePartitionDiscovery": false
                                },
                                "formatSettings": {
                                    "type": "JsonReadSettings"
                                }
                            },
                            "dataset": {
                                "referenceName": "ds_config_read_files_json",
                                "type": "DatasetReference",
                                "parameters": {}
                            },
                            "firstRowOnly": false
                        }
                    },
                    {
                        "name": "ForEach one by one copy",
                        "type": "ForEach",
                        "dependsOn": [
                            {
                                "activity": "Lookup All files",
                                "dependencyConditions": [
                                    "Succeeded"
                                ]
                            }
                        ],
                        "userProperties": [],
                        "typeProperties": {
                            "items": {
                                "value": "@activity('Lookup All files').output.value",
                                "type": "Expression"
                            },
                            "activities": [
                                {
                                    "name": "Copy data json to bronze",
                                    "type": "Copy",
                                    "dependsOn": [],
                                    "policy": {
                                        "timeout": "0.12:00:00",
                                        "retry": 0,
                                        "retryIntervalInSeconds": 30,
                                        "secureOutput": false,
                                        "secureInput": false
                                    },
                                    "userProperties": [],
                                    "typeProperties": {
                                        "source": {
                                            "type": "DelimitedTextSource",
                                            "storeSettings": {
                                                "type": "HttpReadSettings",
                                                "requestMethod": "GET"
                                            },
                                            "formatSettings": {
                                                "type": "DelimitedTextReadSettings"
                                            }
                                        },
                                        "sink": {
                                            "type": "DelimitedTextSink",
                                            "storeSettings": {
                                                "type": "AzureBlobFSWriteSettings"
                                            },
                                            "formatSettings": {
                                                "type": "DelimitedTextWriteSettings",
                                                "quoteAllText": true,
                                                "fileExtension": ".txt"
                                            }
                                        },
                                        "enableStaging": false,
                                        "translator": {
                                            "type": "TabularTranslator",
                                            "typeConversion": true,
                                            "typeConversionSettings": {
                                                "allowDataTruncation": true,
                                                "treatBooleanAsNumber": false
                                            }
                                        }
                                    },
                                    "inputs": [
                                        {
                                            "referenceName": "ds_dynamic_source",
                                            "type": "DatasetReference",
                                            "parameters": {
                                                "p_rel_url": {
                                                    "value": "@item().p_rel_url",
                                                    "type": "Expression"
                                                }
                                            }
                                        }
                                    ],
                                    "outputs": [
                                        {
                                            "referenceName": "ds_dynamic_sink",
                                            "type": "DatasetReference",
                                            "parameters": {
                                                "p_sink_folder": {
                                                    "value": "@item().p_sink_folder",
                                                    "type": "Expression"
                                                },
                                                "p_sink_file": {
                                                    "value": "@item().p_sink_file",
                                                    "type": "Expression"
                                                }
                                            }
                                        }
                                    ]
                                }
                            ]
                        }
                    },
                    {
                        "name": "bronze To Silver",
                        "type": "DatabricksNotebook",
                        "dependsOn": [
                            {
                                "activity": "ForEach one by one copy",
                                "dependencyConditions": [
                                    "Succeeded"
                                ]
                            }
                        ],
                        "policy": {
                            "timeout": "0.12:00:00",
                            "retry": 0,
                            "retryIntervalInSeconds": 30,
                            "secureOutput": false,
                            "secureInput": false
                        },
                        "userProperties": [],
                        "typeProperties": {
                            "notebookPath": "/Users/ingalesangram@gmail.com/Silver_Notebook_brazilecommerce/Silver_Notebook"
                        },
                        "linkedServiceName": {
                            "referenceName": "ls_brinze_to_silver",
                            "type": "LinkedServiceReference"
                        }
                    }
                ],
                "policy": {
                    "elapsedTimeMetric": {}
                },
                "annotations": [],
                "lastPublishTime": "2025-07-17T19:32:24Z"
            },
            "dependsOn": [
                "[concat(variables('factoryId'), '/datasets/ds_config_read_files_json')]",
                "[concat(variables('factoryId'), '/linkedServices/ls_brinze_to_silver')]",
                "[concat(variables('factoryId'), '/datasets/ds_dynamic_source')]",
                "[concat(variables('factoryId'), '/datasets/ds_dynamic_sink')]"
            ]
        }
    ]
}