{
    "$schema": "http://schema.management.azure.com/schemas/2015-01-01/deploymentTemplate.json#",
    "contentVersion": "1.0.0.0",
    "parameters": {
        "factoryName": {
            "type": "string",
            "metadata": "Data Factory name",
            "defaultValue": "adfbrazilecommerce"
        },
        "ls_config_read_files_json_accountKey": {
            "type": "secureString",
            "metadata": "Secure string for 'accountKey' of 'ls_config_read_files_json'"
        },
        "ls_brinze_to_silver_accessToken": {
            "type": "secureString",
            "metadata": "Secure string for 'accessToken' of 'ls_brinze_to_silver'"
        },
        "ls_synapse_connection_password": {
            "type": "secureString",
            "metadata": "Secure string for 'password' of 'ls_synapse_connection'"
        },
        "ls_config_read_files_json_properties_typeProperties_url": {
            "type": "string",
            "defaultValue": "https://sabrazilecommerce.dfs.core.windows.net/"
        },
        "ls_HTTP_For_GITHUB_properties_typeProperties_url": {
            "type": "string",
            "defaultValue": "https://raw.githubusercontent.com"
        },
        "ls_brinze_to_silver_properties_typeProperties_existingClusterId": {
            "type": "string",
            "defaultValue": "0716-164444-xy9sjn08"
        },
        "ls_synapse_connection_properties_typeProperties_server": {
            "type": "string",
            "defaultValue": "syn-brazilecommerce.sql.azuresynapse.net"
        },
        "ls_synapse_connection_properties_typeProperties_database": {
            "type": "string",
            "defaultValue": "BrazilEcom"
        },
        "ls_synapse_connection_properties_typeProperties_userName": {
            "type": "string",
            "defaultValue": "sqladminuser"
        },
        "containerUri": {
            "type": "string",
            "metadata": "URI to storage account containing linked ARM templates"
        },
        "containerSasToken": {
            "type": "string",
            "metadata": "Sas token to storage account containing linked ARM templates"
        }
    },
    "variables": {
        "factoryId": "[concat('Microsoft.DataFactory/factories/', parameters('factoryName'))]"
    },
    "resources": [
        {
            "name": "adfbrazilecommerce_ArmTemplate_0",
            "type": "Microsoft.Resources/deployments",
            "apiVersion": "2024-03-01",
            "properties": {
                "mode": "incremental",
                "templateLink": {
                    "uri": "[concat(parameters('containerUri'), '/ArmTemplate_0.json', parameters('containerSasToken'))]",
                    "contentVersion": "1.0.0.0"
                },
                "parameters": {
                    "factoryName": {
                        "value": "[parameters('factoryName')]"
                    },
                    "ls_config_read_files_json_accountKey": {
                        "value": "[parameters('ls_config_read_files_json_accountKey')]"
                    },
                    "ls_brinze_to_silver_accessToken": {
                        "value": "[parameters('ls_brinze_to_silver_accessToken')]"
                    },
                    "ls_synapse_connection_password": {
                        "value": "[parameters('ls_synapse_connection_password')]"
                    },
                    "ls_config_read_files_json_properties_typeProperties_url": {
                        "value": "[parameters('ls_config_read_files_json_properties_typeProperties_url')]"
                    },
                    "ls_HTTP_For_GITHUB_properties_typeProperties_url": {
                        "value": "[parameters('ls_HTTP_For_GITHUB_properties_typeProperties_url')]"
                    },
                    "ls_brinze_to_silver_properties_typeProperties_existingClusterId": {
                        "value": "[parameters('ls_brinze_to_silver_properties_typeProperties_existingClusterId')]"
                    },
                    "ls_synapse_connection_properties_typeProperties_server": {
                        "value": "[parameters('ls_synapse_connection_properties_typeProperties_server')]"
                    },
                    "ls_synapse_connection_properties_typeProperties_database": {
                        "value": "[parameters('ls_synapse_connection_properties_typeProperties_database')]"
                    },
                    "ls_synapse_connection_properties_typeProperties_userName": {
                        "value": "[parameters('ls_synapse_connection_properties_typeProperties_userName')]"
                    }
                }
            },
            "dependsOn": []
        }
    ]
}