{
    "$schema": "https://schema.management.azure.com/schemas/2015-01-01/deploymentParameters.json#",
    "contentVersion": "1.0.0.0",
    "parameters": {
        "factoryName": {
            "value": "adfbrazilecommerce"
        },
        "ls_config_read_files_json_accountKey": {
            "value": ""
        },
        "ls_brinze_to_silver_accessToken": {
            "value": ""
        },
        "ls_synapse_connection_password": {
            "value": ""
        },
        "ls_config_read_files_json_properties_typeProperties_url": {
            "value": "https://sabrazilecommerce.dfs.core.windows.net/"
        },
        "ls_HTTP_For_GITHUB_properties_typeProperties_url": {
            "value": "https://raw.githubusercontent.com"
        },
        "ls_brinze_to_silver_properties_typeProperties_existingClusterId": {
            "value": "0716-164444-xy9sjn08"
        },
        "ls_synapse_connection_properties_typeProperties_server": {
            "value": "syn-brazilecommerce.sql.azuresynapse.net"
        },
        "ls_synapse_connection_properties_typeProperties_database": {
            "value": "BrazilEcom"
        },
        "ls_synapse_connection_properties_typeProperties_userName": {
            "value": "sqladminuser"
        }
    }
}